record_type,entity_id,objective,iterations,runtime_seconds,stop_reason,cs_calls,lb_calls,lb_improvements,cs_seconds,lb_seconds,final_seconds,final_calls,final_improvements,used,dead_freight,weight_load,weight_capacity,volume_load,volume_capacity,item_id,client_id,vehicle_id,served,prob_final,total_uses,total_accepts,failed_acceptance,total_improvements,pattern_mining_calls,pattern_mining_variables_fixed
summary,global,102693,1091,391.918,max_iterations_without_improvement,722,36,2,359.14,386.998,27.8634,1,0,,,,,,,,,,,,,,,0,0
vehicle,0,,,,,,,,,,,,,1,0,30799,33000,70,70,,,,,,,,,,
vehicle,1,,,,,,,,,,,,,1,0,38700,45000,85,85,,,,,,,,,,
vehicle,2,,,,,,,,,,,,,1,0,30848,33000,50,50,,,,,,,,,,
vehicle,3,,,,,,,,,,,,,1,0,31654,33000,70,70,,,,,,,,,,
vehicle,4,,,,,,,,,,,,,1,0,54732,74000,100,100,,,,,,,,,,
vehicle,5,,,,,,,,,,,,,1,0,26796,33000,70,70,,,,,,,,,,
vehicle,6,,,,,,,,,,,,,1,0,31719,45000,84,85,,,,,,,,,,
vehicle,7,,,,,,,,,,,,,1,0,48051,57000,90,90,,,,,,,,,,
vehicle,8,,,,,,,,,,,,,1,0,26135,33000,50,50,,,,,,,,,,
vehicle,9,,,,,,,,,,,,,1,0,20100,23000,39,40,,,,,,,,,,
vehicle,10,,,,,,,,,,,,,1,0,26145,33000,50,50,,,,,,,,,,
vehicle,11,,,,,,,,,,,,,1,0,70626,74000,100,100,,,,,,,,,,
vehicle,12,,,,,,,,,,,,,1,0,44264,74000,100,100,,,,,,,,,,
vehicle,13,,,,,,,,,,,,,1,0,38549,41000,74,75,,,,,,,,,,
vehicle,14,,,,,,,,,,,,,1,0,43599,57000,89,90,,,,,,,,,,
vehicle,15,,,,,,,,,,,,,1,0,40432,41000,75,75,,,,,,,,,,
vehicle,16,,,,,,,,,,,,,1,0,51684,57000,90,90,,,,,,,,,,
vehicle,17,,,,,,,,,,,,,1,0,45644,57000,90,90,,,,,,,,,,
vehicle,18,,,,,,,,,,,,,1,0,43742,45000,85,85,,,,,,,,,,
vehicle,19,,,,,,,,,,,,,1,0,20915,23000,40,40,,,,,,,,,,
vehicle,20,,,,,,,,,,,,,1,0,29264,33000,50,50,,,,,,,,,,
vehicle,21,,,,,,,,,,,,,1,0,39590,41000,75,75,,,,,,,,,,
vehicle,22,,,,,,,,,,,,,1,0,64707,74000,99,100,,,,,,,,,,
vehicle,23,,,,,,,,,,,,,1,0,43299,57000,90,90,,,,,,,,,,
vehicle,24,,,,,,,,,,,,,1,0,22797,23000,40,40,,,,,,,,,,
vehicle,25,,,,,,,,,,,,,1,0,32496,33000,70,70,,,,,,,,,,
vehicle,26,,,,,,,,,,,,,1,0,37612,41000,74,75,,,,,,,,,,
vehicle,27,,,,,,,,,,,,,1,0,37759,57000,90,90,,,,,,,,,,
vehicle,28,,,,,,,,,,,,,1,0,32994,57000,80,80,,,,,,,,,,
vehicle,29,,,,,,,,,,,,,1,0,50387,57000,90,90,,,,,,,,,,
demand,,,,,,,,,,,,,,,,,,,,0,3,20,1,,,,,,
demand,,,,,,,,,,,,,,,,,,,,0,5,1,1,,,,,,
demand,,,,,,,,,,,,,,,,,,,,0,25,13,1,,,,,,
demand,,,,,,,,,,,,,,,,,,,,0,30,26,1,,,,,,
demand,,,,,,,,,,,,,,,,,,,,0,31,26,1,,,,,,
demand,,,,,,,,,,,,,,,,,,,,0,33,26,1,,,,,,
demand,,,,,,,,,,,,,,,,,,,,0,36,10,1,,,,,,
demand,,,,,,,,,,,,,,,,,,,,0,37,26,1,,,,,,
demand,,,,,,,,,,,,,,,,,,,,0,38,8,1,,,,,,
demand,,,,,,,,,,,,,,,,,,,,0,41,8,1,,,,,,
demand,,,,,,,,,,,,,,,,,,,,0,42,15,1,,,,,,
demand,,,,,,,,,,,,,,,,,,,,0,43,15,1,,,,,,
demand,,,,,,,,,,,,,,,,,,,,0,46,2,1,,,,,,
demand,,,,,,,,,,,,,,,,,,,,1,4,27,1,,,,,,
demand,,,,,,,,,,,,,,,,,,,,1,9,7,1,,,,,,
demand,,,,,,,,,,,,,,,,,,,,1,17,7,1,,,,,,
demand,,,,,,,,,,,,,,,,,,,,1,25,20,1,,,,,,
demand,,,,,,,,,,,,,,,,,,,,1,28,21,1,,,,,,
demand,,,,,,,,,,,,,,,,,,,,1,32,26,1,,,,,,
demand,,,,,,,,,,,,,,,,,,,,1,34,26,1,,,,,,
demand,,,,,,,,,,,,,,,,,,,,1,35,18,1,,,,,,
demand,,,,,,,,,,,,,,,,,,,,1,47,23,1,,,,,,
demand,,,,,,,,,,,,,,,,,,,,2,27,14,1,,,,,,
demand,,,,,,,,,,,,,,,,,,,,2,31,3,1,,,,,,
demand,,,,,,,,,,,,,,,,,,,,2,33,15,1,,,,,,
demand,,,,,,,,,,,,,,,,,,,,2,35,10,1,,,,,,
demand,,,,,,,,,,,,,,,,,,,,2,37,18,1,,,,,,
demand,,,,,,,,,,,,,,,,,,,,2,38,13,1,,,,,,
demand,,,,,,,,,,,,,,,,,,,,2,44,16,1,,,,,,
demand,,,,,,,,,,,,,,,,,,,,3,0,13,1,,,,,,
demand,,,,,,,,,,,,,,,,,,,,3,2,20,1,,,,,,
demand,,,,,,,,,,,,,,,,,,,,3,4,18,1,,,,,,
demand,,,,,,,,,,,,,,,,,,,,3,5,7,1,,,,,,
demand,,,,,,,,,,,,,,,,,,,,3,6,1,1,,,,,,
demand,,,,,,,,,,,,,,,,,,,,3,8,1,1,,,,,,
demand,,,,,,,,,,,,,,,,,,,,3,12,16,1,,,,,,
demand,,,,,,,,,,,,,,,,,,,,3,13,24,1,,,,,,
demand,,,,,,,,,,,,,,,,,,,,3,16,18,1,,,,,,
demand,,,,,,,,,,,,,,,,,,,,3,18,18,1,,,,,,
demand,,,,,,,,,,,,,,,,,,,,3,20,17,1,,,,,,
demand,,,,,,,,,,,,,,,,,,,,3,21,20,1,,,,,,
demand,,,,,,,,,,,,,,,,,,,,3,22,24,1,,,,,,
demand,,,,,,,,,,,,,,,,,,,,3,23,18,1,,,,,,
demand,,,,,,,,,,,,,,,,,,,,3,25,18,1,,,,,,
demand,,,,,,,,,,,,,,,,,,,,3,26,20,1,,,,,,
demand,,,,,,,,,,,,,,,,,,,,3,28,21,1,,,,,,
demand,,,,,,,,,,,,,,,,,,,,3,31,26,1,,,,,,
demand,,,,,,,,,,,,,,,,,,,,3,32,13,1,,,,,,
demand,,,,,,,,,,,,,,,,,,,,3,33,26,1,,,,,,
demand,,,,,,,,,,,,,,,,,,,,3,34,9,1,,,,,,
demand,,,,,,,,,,,,,,,,,,,,3,35,7,1,,,,,,
demand,,,,,,,,,,,,,,,,,,,,3,39,16,1,,,,,,
demand,,,,,,,,,,,,,,,,,,,,3,40,13,1,,,,,,
demand,,,,,,,,,,,,,,,,,,,,3,42,15,1,,,,,,
demand,,,,,,,,,,,,,,,,,,,,3,43,15,1,,,,,,
demand,,,,,,,,,,,,,,,,,,,,3,44,9,1,,,,,,
demand,,,,,,,,,,,,,,,,,,,,3,45,16,1,,,,,,
demand,,,,,,,,,,,,,,,,,,,,3,46,9,1,,,,,,
demand,,,,,,,,,,,,,,,,,,,,4,2,18,1,,,,,,
demand,,,,,,,,,,,,,,,,,,,,4,4,11,1,,,,,,
demand,,,,,,,,,,,,,,,,,,,,4,7,4,1,,,,,,
demand,,,,,,,,,,,,,,,,,,,,4,9,7,1,,,,,,
demand,,,,,,,,,,,,,,,,,,,,4,16,0,1,,,,,,
demand,,,,,,,,,,,,,,,,,,,,4,19,11,1,,,,,,
demand,,,,,,,,,,,,,,,,,,,,4,21,22,1,,,,,,
demand,,,,,,,,,,,,,,,,,,,,4,23,12,1,,,,,,
demand,,,,,,,,,,,,,,,,,,,,4,43,19,1,,,,,,
demand,,,,,,,,,,,,,,,,,,,,4,47,25,1,,,,,,
demand,,,,,,,,,,,,,,,,,,,,5,1,19,1,,,,,,
demand,,,,,,,,,,,,,,,,,,,,5,4,12,1,,,,,,
demand,,,,,,,,,,,,,,,,,,,,5,6,1,1,,,,,,
demand,,,,,,,,,,,,,,,,,,,,5,9,7,1,,,,,,
demand,,,,,,,,,,,,,,,,,,,,5,10,1,1,,,,,,
demand,,,,,,,,,,,,,,,,,,,,5,18,7,1,,,,,,
demand,,,,,,,,,,,,,,,,,,,,5,22,12,1,,,,,,
demand,,,,,,,,,,,,,,,,,,,,5,24,22,1,,,,,,
demand,,,,,,,,,,,,,,,,,,,,5,28,21,1,,,,,,
demand,,,,,,,,,,,,,,,,,,,,5,30,4,1,,,,,,
demand,,,,,,,,,,,,,,,,,,,,5,40,3,1,,,,,,
demand,,,,,,,,,,,,,,,,,,,,5,43,4,1,,,,,,
demand,,,,,,,,,,,,,,,,,,,,5,46,4,1,,,,,,
demand,,,,,,,,,,,,,,,,,,,,6,0,27,1,,,,,,
demand,,,,,,,,,,,,,,,,,,,,6,1,27,1,,,,,,
demand,,,,,,,,,,,,,,,,,,,,6,2,13,1,,,,,,
demand,,,,,,,,,,,,,,,,,,,,6,4,27,1,,,,,,
demand,,,,,,,,,,,,,,,,,,,,6,5,29,1,,,,,,
demand,,,,,,,,,,,,,,,,,,,,6,6,29,1,,,,,,
demand,,,,,,,,,,,,,,,,,,,,6,7,13,1,,,,,,
demand,,,,,,,,,,,,,,,,,,,,6,9,29,1,,,,,,
demand,,,,,,,,,,,,,,,,,,,,6,10,29,1,,,,,,
demand,,,,,,,,,,,,,,,,,,,,6,11,18,1,,,,,,
demand,,,,,,,,,,,,,,,,,,,,6,12,26,1,,,,,,
demand,,,,,,,,,,,,,,,,,,,,6,13,8,1,,,,,,
demand,,,,,,,,,,,,,,,,,,,,6,14,8,1,,,,,,
demand,,,,,,,,,,,,,,,,,,,,6,15,17,1,,,,,,
demand,,,,,,,,,,,,,,,,,,,,6,16,17,1,,,,,,
demand,,,,,,,,,,,,,,,,,,,,6,17,25,1,,,,,,
demand,,,,,,,,,,,,,,,,,,,,6,18,25,1,,,,,,
demand,,,,,,,,,,,,,,,,,,,,6,19,17,1,,,,,,
demand,,,,,,,,,,,,,,,,,,,,6,20,16,1,,,,,,
demand,,,,,,,,,,,,,,,,,,,,6,21,5,1,,,,,,
demand,,,,,,,,,,,,,,,,,,,,6,22,15,1,,,,,,
demand,,,,,,,,,,,,,,,,,,,,6,24,16,1,,,,,,
demand,,,,,,,,,,,,,,,,,,,,6,25,15,1,,,,,,
demand,,,,,,,,,,,,,,,,,,,,6,26,15,1,,,,,,
demand,,,,,,,,,,,,,,,,,,,,6,28,21,1,,,,,,
demand,,,,,,,,,,,,,,,,,,,,6,29,21,1,,,,,,
demand,,,,,,,,,,,,,,,,,,,,6,32,26,1,,,,,,
demand,,,,,,,,,,,,,,,,,,,,6,33,26,1,,,,,,
demand,,,,,,,,,,,,,,,,,,,,6,34,10,1,,,,,,
demand,,,,,,,,,,,,,,,,,,,,6,35,10,1,,,,,,
demand,,,,,,,,,,,,,,,,,,,,6,36,10,1,,,,,,
demand,,,,,,,,,,,,,,,,,,,,6,37,10,1,,,,,,
demand,,,,,,,,,,,,,,,,,,,,6,38,8,1,,,,,,
demand,,,,,,,,,,,,,,,,,,,,6,40,6,1,,,,,,
demand,,,,,,,,,,,,,,,,,,,,6,41,6,1,,,,,,
demand,,,,,,,,,,,,,,,,,,,,6,42,25,1,,,,,,
demand,,,,,,,,,,,,,,,,,,,,6,43,2,1,,,,,,
demand,,,,,,,,,,,,,,,,,,,,6,45,16,1,,,,,,
demand,,,,,,,,,,,,,,,,,,,,6,47,3,1,,,,,,
demand,,,,,,,,,,,,,,,,,,,,7,0,27,1,,,,,,
demand,,,,,,,,,,,,,,,,,,,,7,6,7,1,,,,,,
demand,,,,,,,,,,,,,,,,,,,,7,7,2,1,,,,,,
demand,,,,,,,,,,,,,,,,,,,,7,10,7,1,,,,,,
demand,,,,,,,,,,,,,,,,,,,,7,11,6,1,,,,,,
demand,,,,,,,,,,,,,,,,,,,,7,14,5,1,,,,,,
demand,,,,,,,,,,,,,,,,,,,,7,16,23,1,,,,,,
demand,,,,,,,,,,,,,,,,,,,,7,17,25,1,,,,,,
demand,,,,,,,,,,,,,,,,,,,,7,19,16,1,,,,,,
demand,,,,,,,,,,,,,,,,,,,,7,22,13,1,,,,,,
demand,,,,,,,,,,,,,,,,,,,,7,23,7,1,,,,,,
demand,,,,,,,,,,,,,,,,,,,,7,29,21,1,,,,,,
demand,,,,,,,,,,,,,,,,,,,,7,31,5,1,,,,,,
demand,,,,,,,,,,,,,,,,,,,,7,32,13,1,,,,,,
demand,,,,,,,,,,,,,,,,,,,,7,35,3,1,,,,,,
demand,,,,,,,,,,,,,,,,,,,,7,37,17,1,,,,,,
demand,,,,,,,,,,,,,,,,,,,,7,40,7,1,,,,,,
demand,,,,,,,,,,,,,,,,,,,,7,43,2,1,,,,,,
demand,,,,,,,,,,,,,,,,,,,,7,45,23,1,,,,,,
demand,,,,,,,,,,,,,,,,,,,,8,0,13,1,,,,,,
demand,,,,,,,,,,,,,,,,,,,,8,3,19,1,,,,,,
demand,,,,,,,,,,,,,,,,,,,,8,4,20,1,,,,,,
demand,,,,,,,,,,,,,,,,,,,,8,8,23,1,,,,,,
demand,,,,,,,,,,,,,,,,,,,,8,10,1,1,,,,,,
demand,,,,,,,,,,,,,,,,,,,,8,19,17,1,,,,,,
demand,,,,,,,,,,,,,,,,,,,,8,22,20,1,,,,,,
demand,,,,,,,,,,,,,,,,,,,,8,23,24,1,,,,,,
demand,,,,,,,,,,,,,,,,,,,,8,25,24,1,,,,,,
demand,,,,,,,,,,,,,,,,,,,,8,27,21,1,,,,,,
demand,,,,,,,,,,,,,,,,,,,,8,28,21,1,,,,,,
demand,,,,,,,,,,,,,,,,,,,,8,29,21,1,,,,,,
demand,,,,,,,,,,,,,,,,,,,,8,30,15,1,,,,,,
demand,,,,,,,,,,,,,,,,,,,,8,34,10,1,,,,,,
demand,,,,,,,,,,,,,,,,,,,,8,39,6,1,,,,,,
demand,,,,,,,,,,,,,,,,,,,,8,43,9,1,,,,,,
demand,,,,,,,,,,,,,,,,,,,,8,44,9,1,,,,,,
demand,,,,,,,,,,,,,,,,,,,,8,45,9,1,,,,,,
demand,,,,,,,,,,,,,,,,,,,,9,1,11,1,,,,,,
demand,,,,,,,,,,,,,,,,,,,,9,2,11,1,,,,,,
demand,,,,,,,,,,,,,,,,,,,,9,3,11,1,,,,,,
demand,,,,,,,,,,,,,,,,,,,,9,8,1,1,,,,,,
demand,,,,,,,,,,,,,,,,,,,,9,9,29,1,,,,,,
demand,,,,,,,,,,,,,,,,,,,,9,11,11,1,,,,,,
demand,,,,,,,,,,,,,,,,,,,,9,12,24,1,,,,,,
demand,,,,,,,,,,,,,,,,,,,,9,18,4,1,,,,,,
demand,,,,,,,,,,,,,,,,,,,,9,20,4,1,,,,,,
demand,,,,,,,,,,,,,,,,,,,,9,21,12,1,,,,,,
demand,,,,,,,,,,,,,,,,,,,,9,24,0,1,,,,,,
demand,,,,,,,,,,,,,,,,,,,,9,25,22,1,,,,,,
demand,,,,,,,,,,,,,,,,,,,,9,28,14,1,,,,,,
demand,,,,,,,,,,,,,,,,,,,,9,29,14,1,,,,,,
demand,,,,,,,,,,,,,,,,,,,,9,30,11,1,,,,,,
demand,,,,,,,,,,,,,,,,,,,,9,32,24,1,,,,,,
demand,,,,,,,,,,,,,,,,,,,,9,33,11,1,,,,,,
demand,,,,,,,,,,,,,,,,,,,,9,36,4,1,,,,,,
demand,,,,,,,,,,,,,,,,,,,,9,37,4,1,,,,,,
demand,,,,,,,,,,,,,,,,,,,,9,41,23,1,,,,,,
demand,,,,,,,,,,,,,,,,,,,,9,44,2,1,,,,,,
demand,,,,,,,,,,,,,,,,,,,,9,46,4,1,,,,,,
demand,,,,,,,,,,,,,,,,,,,,10,14,8,1,,,,,,
demand,,,,,,,,,,,,,,,,,,,,10,36,10,1,,,,,,
demand,,,,,,,,,,,,,,,,,,,,10,39,8,1,,,,,,
demand,,,,,,,,,,,,,,,,,,,,10,42,15,1,,,,,,
demand,,,,,,,,,,,,,,,,,,,,11,0,27,1,,,,,,
demand,,,,,,,,,,,,,,,,,,,,11,2,12,1,,,,,,
demand,,,,,,,,,,,,,,,,,,,,11,3,18,1,,,,,,
demand,,,,,,,,,,,,,,,,,,,,11,4,27,1,,,,,,
demand,,,,,,,,,,,,,,,,,,,,11,8,1,1,,,,,,
demand,,,,,,,,,,,,,,,,,,,,11,9,1,1,,,,,,
demand,,,,,,,,,,,,,,,,,,,,11,10,1,1,,,,,,
demand,,,,,,,,,,,,,,,,,,,,11,11,6,1,,,,,,
demand,,,,,,,,,,,,,,,,,,,,11,12,28,1,,,,,,
demand,,,,,,,,,,,,,,,,,,,,11,13,6,1,,,,,,
demand,,,,,,,,,,,,,,,,,,,,11,14,6,1,,,,,,
demand,,,,,,,,,,,,,,,,,,,,11,20,17,1,,,,,,
demand,,,,,,,,,,,,,,,,,,,,11,24,0,1,,,,,,
demand,,,,,,,,,,,,,,,,,,,,11,26,3,1,,,,,,
demand,,,,,,,,,,,,,,,,,,,,11,29,14,1,,,,,,
demand,,,,,,,,,,,,,,,,,,,,11,30,4,1,,,,,,
demand,,,,,,,,,,,,,,,,,,,,11,33,5,1,,,,,,
demand,,,,,,,,,,,,,,,,,,,,11,36,3,1,,,,,,
demand,,,,,,,,,,,,,,,,,,,,11,40,28,1,,,,,,
demand,,,,,,,,,,,,,,,,,,,,11,46,16,1,,,,,,
demand,,,,,,,,,,,,,,,,,,,,12,0,0,1,,,,,,
demand,,,,,,,,,,,,,,,,,,,,12,1,18,1,,,,,,
demand,,,,,,,,,,,,,,,,,,,,12,2,27,1,,,,,,
demand,,,,,,,,,,,,,,,,,,,,12,4,27,1,,,,,,
demand,,,,,,,,,,,,,,,,,,,,12,7,1,1,,,,,,
demand,,,,,,,,,,,,,,,,,,,,12,8,29,1,,,,,,
demand,,,,,,,,,,,,,,,,,,,,12,9,29,1,,,,,,
demand,,,,,,,,,,,,,,,,,,,,12,10,7,1,,,,,,
demand,,,,,,,,,,,,,,,,,,,,12,11,28,1,,,,,,
demand,,,,,,,,,,,,,,,,,,,,12,14,28,1,,,,,,
demand,,,,,,,,,,,,,,,,,,,,12,15,23,1,,,,,,
demand,,,,,,,,,,,,,,,,,,,,12,18,25,1,,,,,,
demand,,,,,,,,,,,,,,,,,,,,12,21,16,1,,,,,,
demand,,,,,,,,,,,,,,,,,,,,12,23,11,1,,,,,,
demand,,,,,,,,,,,,,,,,,,,,12,24,0,1,,,,,,
demand,,,,,,,,,,,,,,,,,,,,12,25,0,1,,,,,,
demand,,,,,,,,,,,,,,,,,,,,12,26,12,1,,,,,,
demand,,,,,,,,,,,,,,,,,,,,12,27,14,1,,,,,,
demand,,,,,,,,,,,,,,,,,,,,12,28,14,1,,,,,,
demand,,,,,,,,,,,,,,,,,,,,12,29,14,1,,,,,,
demand,,,,,,,,,,,,,,,,,,,,12,32,11,1,,,,,,
demand,,,,,,,,,,,,,,,,,,,,12,33,28,1,,,,,,
demand,,,,,,,,,,,,,,,,,,,,12,34,25,1,,,,,,
demand,,,,,,,,,,,,,,,,,,,,12,36,25,1,,,,,,
demand,,,,,,,,,,,,,,,,,,,,12,38,12,1,,,,,,
demand,,,,,,,,,,,,,,,,,,,,12,39,28,1,,,,,,
demand,,,,,,,,,,,,,,,,,,,,12,41,6,1,,,,,,
demand,,,,,,,,,,,,,,,,,,,,12,42,18,1,,,,,,
demand,,,,,,,,,,,,,,,,,,,,12,45,4,1,,,,,,
demand,,,,,,,,,,,,,,,,,,,,13,0,27,1,,,,,,
demand,,,,,,,,,,,,,,,,,,,,13,3,27,1,,,,,,
demand,,,,,,,,,,,,,,,,,,,,13,4,27,1,,,,,,
demand,,,,,,,,,,,,,,,,,,,,13,5,7,1,,,,,,
demand,,,,,,,,,,,,,,,,,,,,13,11,26,1,,,,,,
demand,,,,,,,,,,,,,,,,,,,,13,16,23,1,,,,,,
demand,,,,,,,,,,,,,,,,,,,,13,17,7,1,,,,,,
demand,,,,,,,,,,,,,,,,,,,,13,19,23,1,,,,,,
demand,,,,,,,,,,,,,,,,,,,,13,21,15,1,,,,,,
demand,,,,,,,,,,,,,,,,,,,,13,24,24,1,,,,,,
demand,,,,,,,,,,,,,,,,,,,,13,27,21,1,,,,,,
demand,,,,,,,,,,,,,,,,,,,,13,29,21,1,,,,,,
demand,,,,,,,,,,,,,,,,,,,,13,36,15,1,,,,,,
demand,,,,,,,,,,,,,,,,,,,,13,39,6,1,,,,,,
demand,,,,,,,,,,,,,,,,,,,,13,45,19,1,,,,,,
demand,,,,,,,,,,,,,,,,,,,,13,47,19,1,,,,,,
demand,,,,,,,,,,,,,,,,,,,,14,15,17,1,,,,,,
demand,,,,,,,,,,,,,,,,,,,,14,17,0,1,,,,,,
demand,,,,,,,,,,,,,,,,,,,,14,18,18,1,,,,,,
demand,,,,,,,,,,,,,,,,,,,,14,26,7,1,,,,,,
demand,,,,,,,,,,,,,,,,,,,,14,27,21,1,,,,,,
demand,,,,,,,,,,,,,,,,,,,,14,34,5,1,,,,,,
demand,,,,,,,,,,,,,,,,,,,,14,36,17,1,,,,,,
demand,,,,,,,,,,,,,,,,,,,,14,39,23,1,,,,,,
demand,,,,,,,,,,,,,,,,,,,,15,2,13,1,,,,,,
demand,,,,,,,,,,,,,,,,,,,,15,20,23,1,,,,,,
demand,,,,,,,,,,,,,,,,,,,,15,26,13,1,,,,,,
demand,,,,,,,,,,,,,,,,,,,,15,41,6,1,,,,,,
demand,,,,,,,,,,,,,,,,,,,,15,44,19,1,,,,,,
demand,,,,,,,,,,,,,,,,,,,,16,0,16,1,,,,,,
demand,,,,,,,,,,,,,,,,,,,,16,1,0,1,,,,,,
demand,,,,,,,,,,,,,,,,,,,,16,19,25,1,,,,,,
demand,,,,,,,,,,,,,,,,,,,,16,21,20,1,,,,,,
demand,,,,,,,,,,,,,,,,,,,,16,26,13,1,,,,,,
demand,,,,,,,,,,,,,,,,,,,,16,27,14,1,,,,,,
demand,,,,,,,,,,,,,,,,,,,,16,38,8,1,,,,,,
demand,,,,,,,,,,,,,,,,,,,,17,0,11,1,,,,,,
demand,,,,,,,,,,,,,,,,,,,,17,1,27,1,,,,,,
demand,,,,,,,,,,,,,,,,,,,,17,2,16,1,,,,,,
demand,,,,,,,,,,,,,,,,,,,,17,4,27,1,,,,,,
demand,,,,,,,,,,,,,,,,,,,,17,11,22,1,,,,,,
demand,,,,,,,,,,,,,,,,,,,,17,13,16,1,,,,,,
demand,,,,,,,,,,,,,,,,,,,,17,15,23,1,,,,,,
demand,,,,,,,,,,,,,,,,,,,,17,16,16,1,,,,,,
demand,,,,,,,,,,,,,,,,,,,,17,17,23,1,,,,,,
demand,,,,,,,,,,,,,,,,,,,,17,19,23,1,,,,,,
demand,,,,,,,,,,,,,,,,,,,,17,21,11,1,,,,,,
demand,,,,,,,,,,,,,,,,,,,,17,23,12,1,,,,,,
demand,,,,,,,,,,,,,,,,,,,,17,25,11,1,,,,,,
demand,,,,,,,,,,,,,,,,,,,,17,26,11,1,,,,,,
demand,,,,,,,,,,,,,,,,,,,,17,28,2,1,,,,,,
demand,,,,,,,,,,,,,,,,,,,,17,29,21,1,,,,,,
demand,,,,,,,,,,,,,,,,,,,,17,30,11,1,,,,,,
demand,,,,,,,,,,,,,,,,,,,,17,32,4,1,,,,,,
demand,,,,,,,,,,,,,,,,,,,,17,33,11,1,,,,,,
demand,,,,,,,,,,,,,,,,,,,,17,36,10,1,,,,,,
demand,,,,,,,,,,,,,,,,,,,,17,38,28,1,,,,,,
demand,,,,,,,,,,,,,,,,,,,,17,39,28,1,,,,,,
demand,,,,,,,,,,,,,,,,,,,,17,40,7,1,,,,,,
demand,,,,,,,,,,,,,,,,,,,,17,43,4,1,,,,,,
demand,,,,,,,,,,,,,,,,,,,,17,44,22,1,,,,,,
demand,,,,,,,,,,,,,,,,,,,,18,3,2,1,,,,,,
demand,,,,,,,,,,,,,,,,,,,,18,5,29,1,,,,,,
demand,,,,,,,,,,,,,,,,,,,,18,6,29,1,,,,,,
demand,,,,,,,,,,,,,,,,,,,,18,12,16,1,,,,,,
demand,,,,,,,,,,,,,,,,,,,,18,22,15,1,,,,,,
demand,,,,,,,,,,,,,,,,,,,,18,23,0,1,,,,,,
demand,,,,,,,,,,,,,,,,,,,,18,29,14,1,,,,,,
demand,,,,,,,,,,,,,,,,,,,,18,43,16,1,,,,,,
demand,,,,,,,,,,,,,,,,,,,,18,47,15,1,,,,,,
demand,,,,,,,,,,,,,,,,,,,,19,2,11,1,,,,,,
demand,,,,,,,,,,,,,,,,,,,,19,4,11,1,,,,,,
demand,,,,,,,,,,,,,,,,,,,,19,5,29,1,,,,,,
demand,,,,,,,,,,,,,,,,,,,,19,6,29,1,,,,,,
demand,,,,,,,,,,,,,,,,,,,,19,7,29,1,,,,,,
demand,,,,,,,,,,,,,,,,,,,,19,8,1,1,,,,,,
demand,,,,,,,,,,,,,,,,,,,,19,9,29,1,,,,,,
demand,,,,,,,,,,,,,,,,,,,,19,10,29,1,,,,,,
demand,,,,,,,,,,,,,,,,,,,,19,11,6,1,,,,,,
demand,,,,,,,,,,,,,,,,,,,,19,13,28,1,,,,,,
demand,,,,,,,,,,,,,,,,,,,,19,14,22,1,,,,,,
demand,,,,,,,,,,,,,,,,,,,,19,15,4,1,,,,,,
demand,,,,,,,,,,,,,,,,,,,,19,17,17,1,,,,,,
demand,,,,,,,,,,,,,,,,,,,,19,18,16,1,,,,,,
demand,,,,,,,,,,,,,,,,,,,,19,20,22,1,,,,,,
demand,,,,,,,,,,,,,,,,,,,,19,23,22,1,,,,,,
demand,,,,,,,,,,,,,,,,,,,,19,24,3,1,,,,,,
demand,,,,,,,,,,,,,,,,,,,,19,26,22,1,,,,,,
demand,,,,,,,,,,,,,,,,,,,,19,28,14,1,,,,,,
demand,,,,,,,,,,,,,,,,,,,,19,29,14,1,,,,,,
demand,,,,,,,,,,,,,,,,,,,,19,34,3,1,,,,,,
demand,,,,,,,,,,,,,,,,,,,,19,35,3,1,,,,,,
demand,,,,,,,,,,,,,,,,,,,,19,36,12,1,,,,,,
demand,,,,,,,,,,,,,,,,,,,,19,37,22,1,,,,,,
demand,,,,,,,,,,,,,,,,,,,,19,40,4,1,,,,,,
demand,,,,,,,,,,,,,,,,,,,,19,41,12,1,,,,,,
demand,,,,,,,,,,,,,,,,,,,,19,43,22,1,,,,,,
demand,,,,,,,,,,,,,,,,,,,,19,45,25,1,,,,,,
demand,,,,,,,,,,,,,,,,,,,,19,46,25,1,,,,,,
demand,,,,,,,,,,,,,,,,,,,,19,47,12,1,,,,,,
demand,,,,,,,,,,,,,,,,,,,,20,16,23,1,,,,,,
demand,,,,,,,,,,,,,,,,,,,,20,18,17,1,,,,,,
demand,,,,,,,,,,,,,,,,,,,,20,24,5,1,,,,,,
demand,,,,,,,,,,,,,,,,,,,,20,32,5,1,,,,,,
demand,,,,,,,,,,,,,,,,,,,,20,33,26,1,,,,,,
demand,,,,,,,,,,,,,,,,,,,,20,43,2,1,,,,,,
demand,,,,,,,,,,,,,,,,,,,,20,44,2,1,,,,,,
demand,,,,,,,,,,,,,,,,,,,,20,46,2,1,,,,,,
demand,,,,,,,,,,,,,,,,,,,,21,1,0,1,,,,,,
demand,,,,,,,,,,,,,,,,,,,,21,4,19,1,,,,,,
demand,,,,,,,,,,,,,,,,,,,,21,5,22,1,,,,,,
demand,,,,,,,,,,,,,,,,,,,,21,6,29,1,,,,,,
demand,,,,,,,,,,,,,,,,,,,,21,8,1,1,,,,,,
demand,,,,,,,,,,,,,,,,,,,,21,9,12,1,,,,,,
demand,,,,,,,,,,,,,,,,,,,,21,10,29,1,,,,,,
demand,,,,,,,,,,,,,,,,,,,,21,13,28,1,,,,,,
demand,,,,,,,,,,,,,,,,,,,,21,14,8,1,,,,,,
demand,,,,,,,,,,,,,,,,,,,,21,15,18,1,,,,,,
demand,,,,,,,,,,,,,,,,,,,,21,16,11,1,,,,,,
demand,,,,,,,,,,,,,,,,,,,,21,17,11,1,,,,,,
demand,,,,,,,,,,,,,,,,,,,,21,19,22,1,,,,,,
demand,,,,,,,,,,,,,,,,,,,,21,21,11,1,,,,,,
demand,,,,,,,,,,,,,,,,,,,,21,23,11,1,,,,,,
demand,,,,,,,,,,,,,,,,,,,,21,27,14,1,,,,,,
demand,,,,,,,,,,,,,,,,,,,,21,29,14,1,,,,,,
demand,,,,,,,,,,,,,,,,,,,,21,30,28,1,,,,,,
demand,,,,,,,,,,,,,,,,,,,,21,33,28,1,,,,,,
demand,,,,,,,,,,,,,,,,,,,,21,34,12,1,,,,,,
demand,,,,,,,,,,,,,,,,,,,,21,35,17,1,,,,,,
demand,,,,,,,,,,,,,,,,,,,,21,36,20,1,,,,,,
demand,,,,,,,,,,,,,,,,,,,,21,37,17,1,,,,,,
demand,,,,,,,,,,,,,,,,,,,,21,39,11,1,,,,,,
demand,,,,,,,,,,,,,,,,,,,,21,40,4,1,,,,,,
demand,,,,,,,,,,,,,,,,,,,,21,41,22,1,,,,,,
demand,,,,,,,,,,,,,,,,,,,,21,42,22,1,,,,,,
demand,,,,,,,,,,,,,,,,,,,,21,47,22,1,,,,,,
demand,,,,,,,,,,,,,,,,,,,,22,4,5,1,,,,,,
demand,,,,,,,,,,,,,,,,,,,,22,8,7,1,,,,,,
demand,,,,,,,,,,,,,,,,,,,,22,15,-1,0,,,,,,
demand,,,,,,,,,,,,,,,,,,,,22,16,-1,0,,,,,,
demand,,,,,,,,,,,,,,,,,,,,22,17,-1,0,,,,,,
demand,,,,,,,,,,,,,,,,,,,,22,22,4,1,,,,,,
demand,,,,,,,,,,,,,,,,,,,,22,23,5,1,,,,,,
demand,,,,,,,,,,,,,,,,,,,,22,24,0,1,,,,,,
demand,,,,,,,,,,,,,,,,,,,,22,26,5,1,,,,,,
demand,,,,,,,,,,,,,,,,,,,,22,27,14,1,,,,,,
demand,,,,,,,,,,,,,,,,,,,,22,31,4,1,,,,,,
demand,,,,,,,,,,,,,,,,,,,,22,34,-1,0,,,,,,
demand,,,,,,,,,,,,,,,,,,,,22,35,17,1,,,,,,
demand,,,,,,,,,,,,,,,,,,,,22,38,-1,0,,,,,,
demand,,,,,,,,,,,,,,,,,,,,22,39,23,1,,,,,,
demand,,,,,,,,,,,,,,,,,,,,22,40,-1,0,,,,,,
demand,,,,,,,,,,,,,,,,,,,,22,41,12,1,,,,,,
demand,,,,,,,,,,,,,,,,,,,,22,43,3,1,,,,,,
demand,,,,,,,,,,,,,,,,,,,,22,46,12,1,,,,,,
demand,,,,,,,,,,,,,,,,,,,,22,47,12,1,,,,,,
demand,,,,,,,,,,,,,,,,,,,,23,2,22,1,,,,,,
demand,,,,,,,,,,,,,,,,,,,,23,9,23,1,,,,,,
demand,,,,,,,,,,,,,,,,,,,,23,14,22,1,,,,,,
demand,,,,,,,,,,,,,,,,,,,,23,15,22,1,,,,,,
demand,,,,,,,,,,,,,,,,,,,,23,18,17,1,,,,,,
demand,,,,,,,,,,,,,,,,,,,,23,25,3,1,,,,,,
demand,,,,,,,,,,,,,,,,,,,,23,27,14,1,,,,,,
demand,,,,,,,,,,,,,,,,,,,,23,30,22,1,,,,,,
demand,,,,,,,,,,,,,,,,,,,,23,34,4,1,,,,,,
demand,,,,,,,,,,,,,,,,,,,,23,36,22,1,,,,,,
demand,,,,,,,,,,,,,,,,,,,,23,39,16,1,,,,,,
demand,,,,,,,,,,,,,,,,,,,,23,44,18,1,,,,,,
destroy_operator,destroy_random,,,,,,,,,,,,,,,,,,,,,,,,0.297724,313,3,310,2,,
destroy_operator,destroy_worst_vehicle,,,,,,,,,,,,,,,,,,,,,,,,0.166171,212,210,2,3,,
destroy_operator,destroy_high_penalty,,,,,,,,,,,,,,,,,,,,,,,,0.065648,53,0,53,0,,
destroy_operator,destroy_high_dead_freight_vehicle,,,,,,,,,,,,,,,,,,,,,,,,0.470457,513,508,5,5,,
repair_operator,repair_greedy_best,,,,,,,,,,,,,,,,,,,,,,,,0.273138,292,199,93,4,,
repair_operator,repair_greedy_random,,,,,,,,,,,,,,,,,,,,,,,,0.374426,393,247,146,2,,
repair_operator,repair_regret,,,,,,,,,,,,,,,,,,,,,,,,0.123353,149,96,53,1,,
repair_operator,repair_best_net_gain,,,,,,,,,,,,,,,,,,,,,,,,0.229084,257,179,78,3,,
